[
    {
        "id": 1,
        "name": "Handmade Pottery",
        "price": 1500,
        "rating": 4.5,
        "image": "images/pottery.jpeg"
    },
    {
        "id": 2,
        "name": "Wooden Carving",
        "price": 2500,
        "rating": 4.7,
        "image": "images/carving.webp"
    },
    {
        "id": 3,
        "name": "Embroidered Cushion",
        "price": 1200,
        "rating": 4.2,
        "image": "images/cushion.webp"
    },
    {
        "id": 4,
        "name": "Handwoven Rug",
        "price": 3500,
        "rating": 4.8,
        "image": "images/rug.jpeg"
    },
    {
        "id": 5,
        "name": "Terracotta Vase",
        "price": 800,
        "rating": 4.0,
        "image": "images/vase.jpeg"
    },
    {
        "id": 6,
        "name": "Bamboo Basket",
        "price": 600,
        "rating": 4.3,
        "image": "images/basket.webp"
    },
    {
        "id": 7,
        "name": "Silk Scarf",
        "price": 2000,
        "rating": 4.6,
        "image": "images/scarf.jpeg"
    },
    {
        "id": 8,
        "name": "Clay Tea Set",
        "price": 1800,
        "rating": 4.9,
        "image": "images/tea.jpeg"
    },
    {
        "id": 9,
        "name": "Beaded Jewelry",
        "price": 950,
        "rating": 4.4,
        "image": "images/beaded.webp"
    },
    {
        "id": 10,
        "name": "Hand-Painted Tray",
        "price": 1300,
        "rating": 4.1,
        "image": "images/tray.jpeg"
    },
    {
        "id": 11,
        "name": "Leather Wallet",
        "price": 2500,
        "rating": 4.5,
        "image": "images/wallet.webp"
    },
    {
        "id": 12,
        "name": "Knitted Blanket",
        "price": 4000,
        "rating": 4.8,
        "image": "images/blanket.jpg"
    },
    {
        "id": 13,
        "name": "Metal Wall Art",
        "price": 5000,
        "rating": 4.9,
        "image": "images/metal.webp"
    },
    {
        "id": 14,
        "name": "Hand-Dyed Fabric",
        "price": 1100,
        "rating": 4.2,
        "image": "images/deying.jpeg"
    },
    {
        "id": 15,
        "name": "Traditional Doll",
        "price": 900,
        "rating": 4.3,
        "image": "images/doll.jpg"
    }
]
